name, date, dept, pos, salary
John Doe, 2024-01-01, Engineering, Engineer, 75000
Jane Smith, 2024-02-15, Marketing, Manager, 90000
Michael Johnson, 2024-03-10, Finance, Analyst, 80000
Alice Williams, 2024-04-20, Human Resources, Coordinator, 60000
David Brown, 2024-05-05, Operations, Supervisor, 85000
Susan Davis, 2024-06-12, Sales, Representative, 70000
Robert Martinez, 2024-07-30, Customer Service, Associate, 55000
Jennifer Taylor, 2024-08-25, Information Technology, Developer, 85000
Christopher Thomas, 2024-09-14, Research and Development, Scientist, 95000
Jessica Garcia, 2024-10-03, Product Management, Manager, 90000
Matthew Rodriguez, 2024-11-18, Quality Assurance, Specialist, 65000
Emily Hernandez, 2024-12-07, Legal, Counsel, 100000
Daniel Wilson, 2025-01-22, Supply Chain, Analyst, 75000
Lisa Anderson, 2025-02-09, Facilities, Coordinator, 60000
Mark Thomas, 2025-03-16, Accounting, Accountant, 80000
Amanda Jackson, 2025-04-05, Customer Support, Representative, 70000
James White, 2025-05-20, Public Relations, Specialist, 65000
Sarah Harris, 2025-06-30, Training and Development, Manager, 90000
Ryan Martin, 2025-07-12, Business Development, Associate, 55000
Karen Young, 2025-08-28, Legal, Assistant, 60000
Justin King, 2025-09-10, Human Resources, Specialist, 65000
Nicole Adams, 2025-10-15, Marketing, Coordinator, 70000
Brian Wright, 2025-11-02, Operations, Manager, 95000
Melissa Lewis, 2025-12-20, Finance, Analyst, 80000
Paul Scott, 2026-01-10, Information Technology, Engineer, 85000
Stephanie Green, 2026-02-18, Research and Development, Scientist, 95000
Edward Baker, 2026-03-25, Product Management, Manager, 90000
Andrea Brooks, 2026-04-04, Quality Assurance, Specialist, 65000
Kevin Cox, 2026-05-15, Legal, Counsel, 100000
Rebecca Long, 2026-06-27, Supply Chain, Analyst, 75000
Jonathan Reed, 2026-07-08, Facilities, Coordinator, 60000
Cynthia Hayes, 2026-08-14, Accounting, Accountant, 80000
Eric Morgan, 2026-09-05, Customer Support, Representative, 70000
Rachel Murphy, 2026-10-19, Public Relations, Specialist, 65000
Patrick Rivera, 2026-11-30, Training and Development, Manager, 90000
Deborah Wood, 2026-12-10, Business Development, Associate, 55000
Angela Simmons, 2027-01-24, Legal, Assistant, 60000
Timothy Peterson, 2027-02-13, Human Resources, Specialist, 65000
Heather Foster, 2027-03-08, Marketing, Coordinator, 70000
Donald Washington, 2027-04-21, Operations, Manager, 95000
Laura Ramirez, 2027-05-02, Finance, Analyst, 80000
Gary Hughes, 2027-06-17, Information Technology, Engineer, 85000
Michelle Flores, 2027-07-29, Research and Development, Scientist, 95000
Scott Morris, 2027-08-09, Product Management, Manager, 90000
Amy Simmons, 2027-09-15, Quality Assurance, Specialist, 65000
Jason Evans, 2027-10-26, Legal, Counsel, 100000
Michelle Flores, 2027-07-29, Research and Development, Scientist, 95000
Scott Morris, 2027-08-09, Product Management, Manager, 90000
Karen Young, 2025-08-28, Legal, Assistant, 60000
Justin King, 2025-09-10, Human Resources, Specialist, 65000